{
  "alias" : "svf-remote",
  "name" : "svf-remote",
  "annotation" : "The service provides full-functional remote access to latest stable release of SvF software enabling balanced identification of mathematical models",
  "keywords" : [ "optmod", "svf", "demo" ],
  "description" : "**SvF** stands for \"Simplicity vs Fitting\" and is a short title of a method of balanced regularized identification of mathematical models by experimental data.\nSoftware implementation is freely available \n\nIf you know Russian read the [User Manual](https://github.com/distcomp/SvF/blob/main/SvF_UserGuide29v02.pdf), especially the sections presenting the syntax of a “MNG” files, which enables **symbolic formulations** of model's equations  (algebraic, differential, integras etc.)\n\nThe technology and underlying mathematical algorithms are described in the following articles:  \n1. Sokolov A. V., Voloshinov V. V. Model Selection by Balanced Identification: the Interplay of Optimization and Distributed Computing // Open Computer Science, 2020, 10 — p. 283–295. [DOI: 10.1515/comp-2020-0116](https://doi.org/10.1515/comp-2020-0116)  \n2. Соколов, А.В.; Волошинов, В.В. Выбор математической модели: баланс между сложностью и близостью к измерениям. International Journal of Open Information\nTechnologies, 2018, 6(9) C. 33-41, [PDF](http://injoit.org/index.php/j1/article/view/612)\n\nBriefly it is an algorithm of successive approximation of experimental data by successive tuning of models parameters and functions. On running the algorithm is balancing between  “smoothness” of model's functions and “accuracy” of approximation of experimental data.  \n\nThe basis for the SVF-method are nonparametric identifications with regularization and well-known cross-validation method. Regularization is used to get the balance be-tween simplicity of the model (e.g. smoothness of model functions) and measure of fitting to the available dataset. Cross-validation error is used as a quantitative estimation of the model compliance to the dataset.\n\nEvery stage of the method becomes  two-level, nonlinear mathematical programming problem. At the low level we have a number of independent optimization problems (cross-validation), so parallel solving may dramatically speeds-up this phase of the algorithm. For this purpose we use distributed computing environment of optimization services deployed via Everest toolkit. In particular, this environment includes a shared pool of nonlinear optimization solvers ([Ipopt](https://github.com/coin-or/Ipopt)). Python programming language, [Pyomo](http://www.pyomo.org/) (optimization modelling package), [Everest Python API](https://gitlab.com/everest/python-api/) and its adapter for Everest [pyomo-everest](https://github.com/distcomp/pyomo-everest) are used for implementation of the method, including  formulation of optimization problems and data exchange with solvers.\n\n*The service development was partially supported by the Russian Science Foundation under grant no. [22-11-00317](https://rscf.ru/project/22-11-00317/)*",
  "inputs" : {
    "data" : {
      "title" : "Data and *.res",
      "description" : "Data and *.res files",
      "type" : "array",
      "items" : {
        "type" : "string",
        "format" : "uri"
      },
      "required" : false
    },
    "mng" : {
      "title" : "MNG-file",
      "description" : "File managing the data processing *.mng or *.odt",
      "type" : "string",
      "format" : "uri",
      "viewType" : "input",
      "required" : true
    }
  },
  "outputs" : {
    "results" : {
      "title" : "results",
      "description" : "Results *.sol, *.res, *.png",
      "type" : "string",
      "format" : "uri",
      "required" : false
    },
    "stderr" : {
      "title" : "stderr",
      "description" : "Copy of console output",
      "type" : "string",
      "format" : "uri",
      "required" : true
    },
    "stdout" : {
      "title" : "stdout",
      "description" : "Copy of console output",
      "type" : "string",
      "format" : "uri",
      "required" : true
    }
  },
  "type" : "application",
  "config" : {
    "command" : "runSvF-remote.sh",
    "inputMappings" : [ ],
    "outputMappings" : [ {
      "param" : "stdout",
      "file" : "stdout",
      "pattern" : ""
    }, {
      "param" : "stderr",
      "file" : "stderr",
      "pattern" : ""
    }, {
      "param" : "results",
      "file" : "results.zip",
      "pattern" : ""
    } ],
    "resourceRequirements" : {
      "nodes" : {
        "defaultValue" : 1,
        "allowOverride" : false
      },
      "coresPerNode" : {
        "defaultValue" : 1,
        "allowOverride" : false
      },
      "memoryPerCore" : {
        "defaultValue" : 1,
        "allowOverride" : false
      },
      "timeLimit" : {
        "defaultValue" : 1,
        "allowOverride" : false
      }
    }
  },
  "retryFailedTasks" : false,
  "files" : [ ],
  "version" : "0.1.0"
}